underlying,sigma,n_obs,source,computed_at
AAPL,0.018028762238238072,6662,cache,2026-08-15T02:56:26+00:00
ADBE,0.022459002554263904,10077,yfinance,2026-08-15T02:56:28+00:00
AMD,0.028394731236627106,6736,cache,2026-08-15T02:56:31+00:00
AMZN,0.024089956694097445,6662,cache,2026-08-15T02:56:31+00:00
APP,0.03566127882783681,1277,cache,2026-08-15T02:56:31+00:00
ARKK,0.01670484889739178,2961,yfinance,2026-08-15T02:56:31+00:00
ARM,0.0359578721413495,731,yfinance,2026-08-15T02:56:31+00:00
ASHR,0.013142546808839412,3148,cache,2026-08-15T02:56:31+00:00
ASML,0.02190782098646098,7906,yfinance,2026-08-15T02:56:32+00:00
AVGO,0.01732581914593652,4281,yfinance,2026-08-15T02:56:33+00:00
BA,0.015368686471004134,16262,yfinance,2026-08-15T02:56:33+00:00
BABA,0.019148536698110844,2992,yfinance,2026-08-15T02:56:34+00:00
BRK-B,0.010448982962450152,7614,yfinance,2026-08-15T02:56:34+00:00
BTC,0.026217490960965872,4349,cache,2026-08-15T02:56:34+00:00
COIN,0.03600827147775798,1340,cache,2026-08-15T02:56:34+00:00
CRM,0.019271959929240943,5571,yfinance,2026-08-15T02:56:35+00:00
CRWD,0.024186003309844592,1803,yfinance,2026-08-15T02:56:35+00:00
DELL,0.021941031792440304,2511,yfinance,2026-08-15T02:56:36+00:00
DIA,0.00873204310279221,6672,cache,2026-08-15T02:56:36+00:00
DJT,0.11899275098787052,1222,yfinance,2026-08-15T02:56:36+00:00
EEM,0.012787171844645262,5871,cache,2026-08-15T02:57:00+00:00
ETH,0.032386503187739356,3200,cache,2026-08-15T02:57:00+00:00
EWJ,0.009510123007879626,6674,cache,2026-08-15T02:57:00+00:00
EWW,0.01246300171294132,6674,cache,2026-08-15T02:57:00+00:00
EWY,0.015449182397050676,6602,cache,2026-08-15T02:57:00+00:00
EWZ,0.01670005908022497,6497,cache,2026-08-15T02:57:00+00:00
FEZ,0.011814459295755383,5929,cache,2026-08-15T02:57:00+00:00
FXI,0.015275364039316803,5496,cache,2026-08-15T02:57:02+00:00
GDX,0.0181280844216341,5089,cache,2026-08-15T02:57:02+00:00
GDXJ,0.01960205740356163,4213,cache,2026-08-15T02:57:02+00:00
GOOGL,0.014144500749929883,5457,cache,2026-08-15T02:57:02+00:00
HOOD,0.03349902183725167,1266,yfinance,2026-08-15T02:57:03+00:00
IBB,0.011161774742484015,6410,cache,2026-08-15T02:57:03+00:00
IHE,0.009737801450298863,5100,cache,2026-08-15T02:57:03+00:00
IJR,0.010164089717541675,6590,yfinance,2026-08-15T02:57:03+00:00
INDY,0.010081278806815364,4142,cache,2026-08-15T02:57:03+00:00
INTC,0.01880213727476016,11697,yfinance,2026-08-15T02:57:04+00:00
IONQ,0.04398494167667906,1409,yfinance,2026-08-15T02:57:05+00:00
ITA,0.012108094951455456,5038,cache,2026-08-15T02:57:05+00:00
ITB,0.016127283887497755,5036,cache,2026-08-15T02:57:05+00:00
IWM,0.010499178081422192,6518,cache,2026-08-15T02:57:05+00:00
IYR,0.012972295341508198,6513,cache,2026-08-15T02:57:05+00:00
JETS,0.015622960517934072,2837,yfinance,2026-08-15T02:57:09+00:00
KBE,0.016902131185009134,5155,cache,2026-08-15T02:57:09+00:00
KRE,0.015608456686551668,5003,cache,2026-08-15T02:57:09+00:00
KWEB,0.017071015419242785,3214,cache,2026-08-15T02:57:09+00:00
LLY,0.012488131435646675,13663,yfinance,2026-08-15T02:57:10+00:00
MARA,0.08872757435456352,3589,yfinance,2026-08-15T02:57:11+00:00
MDY,0.01013260289571574,6674,cache,2026-08-15T02:57:11+00:00
META,0.0190222769159348,3505,cache,2026-08-15T02:57:11+00:00
MRVL,0.0265839662577894,6568,yfinance,2026-08-15T02:57:11+00:00
MSCI,0.01671339640491091,4714,yfinance,2026-08-15T02:57:12+00:00
MSFT,0.01406522576194059,6662,cache,2026-08-15T02:57:18+00:00
MSOS,0.03444255830164867,1493,yfinance,2026-08-15T02:57:18+00:00
MSTR,0.037878653547330395,6662,cache,2026-08-15T02:57:18+00:00
MU,0.026671010492840264,10632,yfinance,2026-08-15T02:57:19+00:00
NFLX,0.026470558847479394,6021,cache,2026-08-15T02:57:20+00:00
NVDA,0.027724043171198864,6932,cache,2026-08-15T02:57:20+00:00
NYFANG,0.0123392676794319,2944,yfinance,2026-06-08T19:38:07+00:00
PANW,0.018129741747627527,3536,yfinance,2026-08-15T02:57:23+00:00
PDD,0.03285907749333955,2023,yfinance,2026-08-15T02:57:23+00:00
PLTR,0.03224151595948952,1474,yfinance,2026-08-15T02:57:23+00:00
PYPL,0.01761599486926931,2794,yfinance,2026-08-15T02:57:24+00:00
QCOM,0.022734663780008768,8727,yfinance,2026-08-15T02:57:24+00:00
QQQ,0.012566159568669005,6900,cache,2026-08-15T02:57:24+00:00
RBLX,0.0329489106384568,1364,yfinance,2026-08-15T02:57:25+00:00
RDDT,0.03676955946838957,601,yfinance,2026-08-15T02:57:25+00:00
RKLB,0.03619227445227083,1435,yfinance,2026-08-15T02:57:25+00:00
SMCI,0.030920552839822243,4813,cache,2026-08-15T02:57:25+00:00
SNPS,0.019039476048048114,8677,yfinance,2026-08-15T02:57:26+00:00
SOL,0.04517048949294117,2317,cache,2026-08-15T02:57:26+00:00
SOXX,0.014780979487832614,6308,cache,2026-08-15T02:57:26+00:00
SPHB,0.012348311021375295,3841,yfinance,2026-08-15T02:57:27+00:00
SPY,0.008724124490853353,8442,cache,2026-08-15T02:57:27+00:00
TSLA,0.025976372893118094,4056,cache,2026-08-15T02:57:27+00:00
TSM,0.018913189272030635,6662,cache,2026-08-15T02:57:27+00:00
UBER,0.022962580707197047,1825,yfinance,2026-08-15T02:57:28+00:00
UNG,0.0207978432925421,4788,cache,2026-06-08T19:38:19+00:00
VGK,0.010762727355066521,5329,cache,2026-08-15T02:57:29+00:00
VIX,0.05209773442341944,9219,cache,2026-08-15T02:57:29+00:00
VRT,0.027135428309332542,2018,yfinance,2026-08-15T02:57:30+00:00
XLB,0.01046441190692729,6674,cache,2026-08-15T02:57:30+00:00
XLC,0.01009483339122357,1985,cache,2026-08-15T02:57:30+00:00
XLE,0.012935291012538352,6952,cache,2026-08-15T02:57:30+00:00
XLF,0.0138777832078129,6952,cache,2026-08-15T02:57:30+00:00
XLI,0.00971157079641898,6674,cache,2026-08-15T02:57:30+00:00
XLK,0.011930016170289676,6736,cache,2026-08-15T02:57:30+00:00
XLP,0.006882384740611682,6674,cache,2026-08-15T02:57:30+00:00
XLU,0.008881860385085262,6674,cache,2026-08-15T02:57:30+00:00
XLV,0.008240761031614502,6672,cache,2026-08-15T02:57:30+00:00
XLY,0.010328152402671351,6674,cache,2026-08-15T02:57:30+00:00
XOM,0.010326460721296489,16262,yfinance,2026-08-15T02:57:31+00:00
XOP,0.018042448288667978,5067,cache,2026-08-15T02:57:31+00:00
XRP,0.04802522166640797,3200,cache,2026-08-15T02:57:31+00:00
XRT,0.011884636006016705,5003,cache,2026-08-15T02:57:31+00:00
